"Bogotá, Colombia","B (Tropical), B1 (Cold Summer)"
"Quito, Ecuador","B (Tropical), B1 (Cold Summer)"
"Tórshavn, Faroe Islands (DK)","C (Subtropical), B1 (Cold Summer)"
"Adak, AK","C (Subtropical), B1 (Cold Summer)"
"Yakutsk, Russia","Y (Superarctic), B2 (Mild Summer)"
"Verkhoyansk, Russia","Y (Superarctic), B2 (Mild Summer)"
"Juneau, AK","D (Temperate), B1 (Cold Summer)"
"Andorra la Vella, Andorra","D (Temperate), B1 (Cold Summer)"
"Helsinki, Finland","D (Temperate), B1 (Cold Summer)"
"Saint-Pierre, Saint-Pierre & Miquelon (FR)","D (Temperate), B1 (Cold Summer)"
"Conception Bay South, NL","D (Temperate), B1 (Cold Summer)"
"Paradise, NL","D (Temperate), B1 (Cold Summer)"
"Inuvik, NT","F (Subarctic), B1 (Cold Summer)"
"Arviat, NU","G (Arctic), B1 (Cold Summer)"
"Baker Lake, NU","G (Arctic), B1 (Cold Summer)"
"Anchorage, AK","D (Temperate), B1 (Cold Summer)"
"Knik-Fairview, AK","D (Temperate), B1 (Cold Summer)"
"North Lakes, AK","D (Temperate), B1 (Cold Summer)"
"Meadow Lakes, AK","E (Continental), B1 (Cold Summer)"
"Wasilla, AK","D (Temperate), B1 (Cold Summer)"
"Tanaina, AK","D (Temperate), B1 (Cold Summer)"
"Kalifornsky, AK","E (Continental), B1 (Cold Summer)"
"Sitka, AK","D (Temperate), B1 (Cold Summer)"
"Ketchikan, AK","D (Temperate), B1 (Cold Summer)"
"Kenai, AK","E (Continental), B1 (Cold Summer)"
"Bethel, AK","E (Continental), B1 (Cold Summer)"
"Sterling, AK","D (Temperate), B1 (Cold Summer)"
"Palmer, AK","E (Continental), B1 (Cold Summer)"
"Gateway, AK","E (Continental), B1 (Cold Summer)"
"Tuktoyaktuk, NT","F (Subarctic), B1 (Cold Summer)"
"Prudhoe Bay, AK","G (Arctic), B1 (Cold Summer)"
"Reykjavík, Iceland","C (Subtropical), C2 (Very Cold Summer)"
"Stanley, Falkland Islands (UK)","C (Subtropical), C2 (Very Cold Summer)"
"Ushuaia, Argentina","C (Subtropical), C2 (Very Cold Summer)"
Macquarie Island Research Station,"C (Subtropical), C2 (Very Cold Summer)"
"Ust-Nera, Russia","Y (Superarctic), B1 (Cold Summer)"
"Nuuk, Greenland (DK)","D (Temperate), C2 (Very Cold Summer)"
"Tuktoyaktuk, NT","F (Subarctic), C2 (Very Cold Summer)"
"Iqaluit, NU","F (Subarctic), C2 (Very Cold Summer)"
"Rankin Inlet, NU","G (Arctic), C2 (Very Cold Summer)"
"Cambridge Bay, NU","G (Arctic), C2 (Very Cold Summer)"
"West Taijinar Lake, China","E (Continental), C2 (Very Cold Summer)"
"Longyearbyen, Svalbard & Jan Mayen (NO)","E (Continental), C1 (Freezing Summer)"
"Pangnirtung, NU","F (Subarctic), C1 (Freezing Summer)"
"Coral Harbour, NU","F (Subarctic), C1 (Freezing Summer)"
"Qikiqtarjuaq, NU","F (Subarctic), C1 (Freezing Summer)"
Bird Island Research Station,"D (Temperate), C1 (Freezing Summer)"
Heard Island and McDonald Islands,"D (Temperate), C1 (Freezing Summer)"
"Igloolik, NU","F (Subarctic), Y (Frigid Summer)"
"Eureka Research Station, NU","G (Arctic), Y (Frigid Summer)"
"Isachsen Research Station, NU","G (Arctic), Y (Frigid Summer)"
"Wainwright, AK","F (Subarctic), Y (Frigid Summer)"
"Utqiagvik, AK","E (Continental), Y (Frigid Summer)"
"Chandrapur, India","A (Supertropical), W (Monsoon), Z2 (Hyperthermal Summer)"
"Hyderabad, India","A (Supertropical), W (Monsoon), Z1 (Scorching Hot Summer)"
"Ouagadougou, Burkina Faso","A (Supertropical), W (Monsoon), Z1 (Scorching Hot Summer)"
"Bamako, Mali","A (Supertropical), W (Monsoon), Z1 (Scorching Hot Summer)"
"Naypyidaw, Myanmar","A (Supertropical), W (Monsoon), Z1 (Scorching Hot Summer)"
"Bangkok, Thailand","A (Supertropical), S (Semiarid), Z1 (Scorching Hot Summer)"
"Chennai, India","A (Supertropical), S (Semiarid), Z1 (Scorching Hot Summer)"
"Karachi, Pakistan","A (Supertropical), D (Arid Desert), Z1 (Scorching Hot Summer)"
"Manama, Bahrain","A (Supertropical), D (Arid Desert), Z1 (Scorching Hot Summer)"
"N'Djamena, Chad","A (Supertropical), D (Arid Desert), Z1 (Scorching Hot Summer)"
"Niamey, Niger","A (Supertropical), D (Arid Desert), Z1 (Scorching Hot Summer)"
"Muscat, Oman","A (Supertropical), D (Arid Desert), Z1 (Scorching Hot Summer)"
"Khartoum, Sudan","A (Supertropical), D (Arid Desert), Z1 (Scorching Hot Summer)"
"Bourem, Mali","A (Supertropical), D (Arid Desert), Z1 (Scorching Hot Summer)"
"Kuala Lumpur, Malaysia","A (Supertropical), H (Humid), A2 (Very Hot Summer)"
"Belmopan, Belize","A (Supertropical), H (Humid), A2 (Very Hot Summer)"
"Bandar Seri Begawan, Brunei","A (Supertropical), H (Humid), A2 (Very Hot Summer)"
"Moroni, Comoros","A (Supertropical), H (Humid), A2 (Very Hot Summer)"
"Roseau, Dominica","A (Supertropical), H (Humid), A2 (Very Hot Summer)"
"Palikir, Federated States of Micronesia","A (Supertropical), H (Humid), A2 (Very Hot Summer)"
"Suva, Fiji","A (Supertropical), H (Humid), A2 (Very Hot Summer)"
"Libreville, Gabon","A (Supertropical), H (Humid), A2 (Very Hot Summer)"
"Georgetown, Guyana","A (Supertropical), H (Humid), A2 (Very Hot Summer)"
"Monrovia, Liberia","A (Supertropical), H (Humid), A2 (Very Hot Summer)"
"Ngerulmud, Palau","A (Supertropical), H (Humid), A2 (Very Hot Summer)"
"Castries, Saint Lucia","A (Supertropical), H (Humid), A2 (Very Hot Summer)"
"Kingstown, Saint Vincent and the Grenadines","A (Supertropical), H (Humid), A2 (Very Hot Summer)"
"Apia, Samoa","A (Supertropical), H (Humid), A2 (Very Hot Summer)"
"Victoria, Seychelles","A (Supertropical), H (Humid), A2 (Very Hot Summer)"
"Singapore, Singapore","A (Supertropical), H (Humid), A2 (Very Hot Summer)"
"Honiara, Solomon Islands","A (Supertropical), H (Humid), A2 (Very Hot Summer)"
"Sri Jayawardenepura Kotte, Sri Lanka","A (Supertropical), H (Humid), A2 (Very Hot Summer)"
"Port Vila, Vanuatu","A (Supertropical), H (Humid), A2 (Very Hot Summer)"
"Pago Pago, American Samoa (US)","A (Supertropical), H (Humid), A2 (Very Hot Summer)"
"Hagåtña, Guam (US)","A (Supertropical), H (Humid), A2 (Very Hot Summer)"
"Avarua, Cook Islands (NZ)","A (Supertropical), H (Humid), A2 (Very Hot Summer)"
"Alofi, Niue (NZ)","A (Supertropical), H (Humid), A2 (Very Hot Summer)"
"Jakarta, Indonesia","A (Supertropical), G (Semihumid), A2 (Very Hot Summer)"
"Manila, Philippines","A (Supertropical), G (Semihumid), A2 (Very Hot Summer)"
"Ho Chi Minh City, Vietnam","A (Supertropical), G (Semihumid), A2 (Very Hot Summer)"
"Lagos, Nigeria","A (Supertropical), G (Semihumid), A2 (Very Hot Summer)"
"Kinshasa, DR Congo","A (Supertropical), G (Semihumid), A2 (Very Hot Summer)"
"Miami–Fort Lauderdale, FL","A (Supertropical), G (Semihumid), A2 (Very Hot Summer)"
"San Juan, PR","A (Supertropical), G (Semihumid), A2 (Very Hot Summer)"
"Bangui, Central African Republic","A (Supertropical), G (Semihumid), A2 (Very Hot Summer)"
"Brazzaville, Congo","A (Supertropical), G (Semihumid), A2 (Very Hot Summer)"
"Havana, Cuba","A (Supertropical), G (Semihumid), A2 (Very Hot Summer)"
"Santo Domingo, Dominican Republic","A (Supertropical), G (Semihumid), A2 (Very Hot Summer)"
"St. George's, Grenada","A (Supertropical), G (Semihumid), A2 (Very Hot Summer)"
"Kingston, Jamaica","A (Supertropical), G (Semihumid), A2 (Very Hot Summer)"
"Tarawa, Kiribati","A (Supertropical), G (Semihumid), A2 (Very Hot Summer)"
"Panama City, Panama","A (Supertropical), G (Semihumid), A2 (Very Hot Summer)"
"Basseterre, Saint Kitts and Nevis","A (Supertropical), G (Semihumid), A2 (Very Hot Summer)"
"Paramaribo, Suriname","A (Supertropical), G (Semihumid), A2 (Very Hot Summer)"
"Nukuʻalofa, Tonga","A (Supertropical), G (Semihumid), A2 (Very Hot Summer)"
"Port of Spain, Trinidad and Tobago","A (Supertropical), G (Semihumid), A2 (Very Hot Summer)"
"Brades, Montserrat (UK)","A (Supertropical), G (Semihumid), A2 (Very Hot Summer)"
"Saipan, Northern Mariana Islands (US)","A (Supertropical), G (Semihumid), A2 (Very Hot Summer)"
"San Juan, Puerto Rico (US)","A (Supertropical), G (Semihumid), A2 (Very Hot Summer)"
"Mumbai, India","A (Supertropical), W (Monsoon), A2 (Very Hot Summer)"
"Banjul, Gambia","A (Supertropical), W (Monsoon), A2 (Very Hot Summer)"
"Conakry, Guinea","A (Supertropical), W (Monsoon), A2 (Very Hot Summer)"
"Bissau, Guinea-Bissau","A (Supertropical), W (Monsoon), A2 (Very Hot Summer)"
"Vientiane, Laos","A (Supertropical), W (Monsoon), A2 (Very Hot Summer)"
"Abuja, Nigeria","A (Supertropical), W (Monsoon), A2 (Very Hot Summer)"
"Freetown, Sierra Leone","A (Supertropical), W (Monsoon), A2 (Very Hot Summer)"
"Honolulu, HI","A (Supertropical), M (Mediterranean), A2 (Very Hot Summer)"
"Trincomalee, Sri Lanka","A (Supertropical), M (Mediterranean), A2 (Very Hot Summer)"
"Bangalore, India","A (Supertropical), S (Semiarid), A2 (Very Hot Summer)"
"St. John's, Antigua and Barbuda","A (Supertropical), S (Semiarid), A2 (Very Hot Summer)"
"Nassau, Bahamas","A (Supertropical), S (Semiarid), A2 (Very Hot Summer)"
"Bridgetown, Barbados","A (Supertropical), S (Semiarid), A2 (Very Hot Summer)"
"Porto-Novo, Benin","A (Supertropical), S (Semiarid), A2 (Very Hot Summer)"
"Phnom Penh, Cambodia","A (Supertropical), S (Semiarid), A2 (Very Hot Summer)"
"Yamoussoukro, Côte d'Ivoire","A (Supertropical), S (Semiarid), A2 (Very Hot Summer)"
"Accra, Ghana","A (Supertropical), S (Semiarid), A2 (Very Hot Summer)"
"Port-au-Prince, Haiti","A (Supertropical), S (Semiarid), A2 (Very Hot Summer)"
"Managua, Nicaragua","A (Supertropical), S (Semiarid), A2 (Very Hot Summer)"
"Port Moresby, Papua New Guinea","A (Supertropical), S (Semiarid), A2 (Very Hot Summer)"
"Juba, South Sudan","A (Supertropical), S (Semiarid), A2 (Very Hot Summer)"
"Dili, Timor-Leste","A (Supertropical), S (Semiarid), A2 (Very Hot Summer)"
"Lomé, Togo","A (Supertropical), S (Semiarid), A2 (Very Hot Summer)"
"Road Town, British Virgin Islands (UK)","A (Supertropical), S (Semiarid), A2 (Very Hot Summer)"
"George Town, Cayman Islands (UK)","A (Supertropical), S (Semiarid), A2 (Very Hot Summer)"
"Charlotte Amalie, U.S. Virgin Islands (US)","A (Supertropical), S (Semiarid), A2 (Very Hot Summer)"
"Philipsburg, Sint Maarten (NL)","A (Supertropical), S (Semiarid), A2 (Very Hot Summer)"
"Luanda, Angola","A (Supertropical), D (Arid Desert), A2 (Very Hot Summer)"
"Praia, Cabo Verde","A (Supertropical), D (Arid Desert), A2 (Very Hot Summer)"
"Nouakchott, Mauritania","A (Supertropical), D (Arid Desert), A2 (Very Hot Summer)"
"Dakar, Senegal","A (Supertropical), D (Arid Desert), A2 (Very Hot Summer)"
"Mogadishu, Somalia","A (Supertropical), D (Arid Desert), A2 (Very Hot Summer)"
"Cockburn Town, Turks & Caicos (UK)","A (Supertropical), D (Arid Desert), A2 (Very Hot Summer)"
"Oranjestad, Aruba (NL)","A (Supertropical), D (Arid Desert), A2 (Very Hot Summer)"
"Willemstad, Curaçao (NL)","A (Supertropical), D (Arid Desert), A2 (Very Hot Summer)"
"Kralendijk, Bonaire (NL)","A (Supertropical), D (Arid Desert), A2 (Very Hot Summer)"
"Malabo, Equatorial Guinea","A (Supertropical), H (Humid), A1 (Hot Summer)"
"Adamstown, Pitcairn Islands (UK)","A (Supertropical), H (Humid), A1 (Hot Summer)"
"Papeete, French Polynesia (FR)","A (Supertropical), H (Humid), A1 (Hot Summer)"
"Santo Domingo, Ecuador","A (Supertropical), H (Humid), A1 (Hot Summer)"
"Rio de Janeiro, Brazil","A (Supertropical), G (Semihumid), A1 (Hot Summer)"
"Yaoundé, Cameroon","A (Supertropical), G (Semihumid), A1 (Hot Summer)"
"São Tomé, São Tomé and Príncipe","A (Supertropical), G (Semihumid), A1 (Hot Summer)"
"Kampala, Uganda","A (Supertropical), G (Semihumid), A1 (Hot Summer)"
"San Salvador, El Salvador","A (Supertropical), W (Monsoon), A1 (Hot Summer)"
"Salango Island, Ecuador","A (Supertropical), D (Arid Desert), A1 (Hot Summer)"
"Kota, India","B (Tropical), W (Monsoon), Z2 (Hyperthermal Summer)"
"Kolkata, India","B (Tropical), W (Monsoon), Z1 (Scorching Hot Summer)"
"Gujrat, Pakistan","B (Tropical), S (Semiarid), Z1 (Scorching Hot Summer)"
"Delhi, India","B (Tropical), D (Arid Desert), Z1 (Scorching Hot Summer)"
"Lahore, Pakistan","B (Tropical), D (Arid Desert), Z1 (Scorching Hot Summer)"
"Phoenix–Mesa–Scottsdale, AZ","B (Tropical), D (Arid Desert), Z1 (Scorching Hot Summer)"
"Doha, Qatar","B (Tropical), D (Arid Desert), Z1 (Scorching Hot Summer)"
"Riyadh, Saudi Arabia","B (Tropical), D (Arid Desert), Z1 (Scorching Hot Summer)"
"Dubai, United Arab Emirates","B (Tropical), D (Arid Desert), Z1 (Scorching Hot Summer)"
"El Menia, Algeria","B (Tropical), D (Arid Desert), Z1 (Scorching Hot Summer)"
"Dongguan, China","B (Tropical), H (Humid), A2 (Very Hot Summer)"
"Taipei, Taiwan","B (Tropical), H (Humid), A2 (Very Hot Summer)"
"New Orleans, LA","B (Tropical), H (Humid), A2 (Very Hot Summer)"
"Tallahassee, FL","B (Tropical), H (Humid), A2 (Very Hot Summer)"
"Port Louis, Mauritius","B (Tropical), H (Humid), A2 (Very Hot Summer)"
"Houston, TX","B (Tropical), G (Semihumid), A2 (Very Hot Summer)"
"Tampa–St. Petersburg, FL","B (Tropical), G (Semihumid), A2 (Very Hot Summer)"
"Orlando, FL","B (Tropical), G (Semihumid), A2 (Very Hot Summer)"
"Jacksonville, FL","B (Tropical), G (Semihumid), A2 (Very Hot Summer)"
"Asunción, Paraguay","B (Tropical), G (Semihumid), A2 (Very Hot Summer)"
"Guangzhou–Foshan, China","B (Tropical), W (Monsoon), A2 (Very Hot Summer)"
"Dhaka, Bangladesh","B (Tropical), W (Monsoon), A2 (Very Hot Summer)"
"Shenzhen, China","B (Tropical), W (Monsoon), A2 (Very Hot Summer)"
"Hanoi, Vietnam","B (Tropical), W (Monsoon), A2 (Very Hot Summer)"
"Beirut, Lebanon","B (Tropical), M (Mediterranean), A2 (Very Hot Summer)"
"Valletta, Malta","B (Tropical), M (Mediterranean), A2 (Very Hot Summer)"
"Tunis, Tunisia","B (Tropical), M (Mediterranean), A2 (Very Hot Summer)"
"San Antonio, TX","B (Tropical), S (Semiarid), A2 (Very Hot Summer)"
"Maputo, Mozambique","B (Tropical), S (Semiarid), A2 (Very Hot Summer)"
"Nouméa, New Caledonia (FR)","B (Tropical), S (Semiarid), A2 (Very Hot Summer)"
"Cairo, Egypt","B (Tropical), D (Arid Desert), A2 (Very Hot Summer)"
"Riverside–San Bernardino, CA","B (Tropical), D (Arid Desert), A2 (Very Hot Summer)"
"Gaborone, Botswana","B (Tropical), D (Arid Desert), A2 (Very Hot Summer)"
"Nicosia, Cyprus","B (Tropical), D (Arid Desert), A2 (Very Hot Summer)"
"Djibouti, Djibouti","B (Tropical), D (Arid Desert), A2 (Very Hot Summer)"
"Tripoli, Libya","B (Tropical), D (Arid Desert), A2 (Very Hot Summer)"
"Melilla, Melilla (ES)","B (Tropical), D (Arid Desert), A2 (Very Hot Summer)"
"Crystal City, TX","B (Tropical), D (Arid Desert), A2 (Very Hot Summer)"
"San José de la Joya, Mexico","B (Tropical), D (Arid Desert), A2 (Very Hot Summer)"
"São Paulo, Brazil","B (Tropical), H (Humid), A1 (Hot Summer)"
"San José, Costa Rica","B (Tropical), H (Humid), A1 (Hot Summer)"
"Buenos Aires, Argentina","B (Tropical), G (Semihumid), A1 (Hot Summer)"
"Kigali, Rwanda","B (Tropical), G (Semihumid), A1 (Hot Summer)"
"Montevideo, Uruguay","B (Tropical), G (Semihumid), A1 (Hot Summer)"
"Hamilton, Bermuda (UK)","B (Tropical), G (Semihumid), A1 (Hot Summer)"
"Hanga Roa, Easter Island (CL)","B (Tropical), G (Semihumid), A1 (Hot Summer)"
"Johannesburg–Pretoria, South Africa","B (Tropical), W (Monsoon), A1 (Hot Summer)"
"Brasília, Brazil","B (Tropical), W (Monsoon), A1 (Hot Summer)"
"Guatemala City, Guatemala","B (Tropical), W (Monsoon), A1 (Hot Summer)"
"Antananarivo, Madagascar","B (Tropical), W (Monsoon), A1 (Hot Summer)"
"Lilongwe, Malawi","B (Tropical), W (Monsoon), A1 (Hot Summer)"
"Kathmandu, Nepal","B (Tropical), W (Monsoon), A1 (Hot Summer)"
"Dodoma, Tanzania","B (Tropical), W (Monsoon), A1 (Hot Summer)"
"Lusaka, Zambia","B (Tropical), W (Monsoon), A1 (Hot Summer)"
"Harare, Zimbabwe","B (Tropical), W (Monsoon), A1 (Hot Summer)"
"Phungling, Nepal","B (Tropical), W (Monsoon), A1 (Hot Summer)"
"Algiers, Algeria","B (Tropical), M (Mediterranean), A1 (Hot Summer)"
"Lisbon, Portugal","B (Tropical), M (Mediterranean), A1 (Hot Summer)"
"Cape Town, South Africa","B (Tropical), M (Mediterranean), A1 (Hot Summer)"
"Gibraltar, Gibraltar (UK)","B (Tropical), M (Mediterranean), A1 (Hot Summer)"
"Jamestown, St Helena (UK)","B (Tropical), M (Mediterranean), A1 (Hot Summer)"
"Ceuta, Ceuta (ES)","B (Tropical), M (Mediterranean), A1 (Hot Summer)"
"Ponta Delgada, Azores (PT)","B (Tropical), M (Mediterranean), A1 (Hot Summer)"
"Funchal, Madeira (PT)","B (Tropical), M (Mediterranean), A1 (Hot Summer)"
"Tegucigalpa, Honduras","B (Tropical), S (Semiarid), A1 (Hot Summer)"
"Caracas, Venezuela","B (Tropical), S (Semiarid), A1 (Hot Summer)"
"Los Angeles, United States","B (Tropical), D (Arid Desert), A1 (Hot Summer)"
"Lima, Peru","B (Tropical), D (Arid Desert), A1 (Hot Summer)"
"San Diego, CA","B (Tropical), D (Arid Desert), A1 (Hot Summer)"
"Windhoek, Namibia","B (Tropical), D (Arid Desert), A1 (Hot Summer)"
"Gitega, Burundi","B (Tropical), G (Semihumid), B2 (Mild Summer)"
"Nairobi, Kenya","B (Tropical), G (Semihumid), B2 (Mild Summer)"
"Mexico City, Mexico","B (Tropical), W (Monsoon), B2 (Mild Summer)"
"Sucre, Bolivia","B (Tropical), W (Monsoon), B2 (Mild Summer)"
"Asmara, Eritrea","B (Tropical), W (Monsoon), B2 (Mild Summer)"
"Mbabane, Eswatini","B (Tropical), W (Monsoon), B2 (Mild Summer)"
"Addis Ababa, Ethiopia","B (Tropical), W (Monsoon), B2 (Mild Summer)"
"San Francisco–Oakland, CA","B (Tropical), M (Mediterranean), B2 (Mild Summer)"
"Rabat, Morocco","B (Tropical), M (Mediterranean), B2 (Mild Summer)"
"Lompoc, CA","B (Tropical), M (Mediterranean), B2 (Mild Summer)"
"Sana'a, Yemen","B (Tropical), D (Arid Desert), B2 (Mild Summer)"
"Hengyang, China","C (Subtropical), G (Semihumid), Z1 (Scorching Hot Summer)"
"Batman, Turkey","C (Subtropical), M (Mediterranean), Z1 (Scorching Hot Summer)"
"Islamabad, Pakistan","C (Subtropical), S (Semiarid), Z1 (Scorching Hot Summer)"
"Las Vegas–Henderson–Paradise, NV","C (Subtropical), D (Arid Desert), Z1 (Scorching Hot Summer)"
"Baghdad, Iraq","C (Subtropical), D (Arid Desert), Z1 (Scorching Hot Summer)"
"Sharmokhiya, Iraq","C (Subtropical), D (Arid Desert), Z1 (Scorching Hot Summer)"
"Tokyo–Yokohama, Japan","C (Subtropical), H (Humid), A2 (Very Hot Summer)"
"Osaka–Kobe–Kyoto, Japan","C (Subtropical), H (Humid), A2 (Very Hot Summer)"
"Hangzhou, China","C (Subtropical), H (Humid), A2 (Very Hot Summer)"
"Nagoya, Japan","C (Subtropical), H (Humid), A2 (Very Hot Summer)"
"Atlanta, GA","C (Subtropical), H (Humid), A2 (Very Hot Summer)"
"Baltimore, MD","C (Subtropical), H (Humid), A2 (Very Hot Summer)"
"Nashville–Davidson, TN","C (Subtropical), H (Humid), A2 (Very Hot Summer)"
"Richmond, VA","C (Subtropical), H (Humid), A2 (Very Hot Summer)"
"Memphis, TN–MS–AR","C (Subtropical), H (Humid), A2 (Very Hot Summer)"
"Louisville/Jefferson County, KY–IN","C (Subtropical), H (Humid), A2 (Very Hot Summer)"
"Baton Rouge, LA","C (Subtropical), H (Humid), A2 (Very Hot Summer)"
"Annapolis, MD","C (Subtropical), H (Humid), A2 (Very Hot Summer)"
"Fuzhou, China","C (Subtropical), H (Humid), A2 (Very Hot Summer)"
"Shanghai, China","C (Subtropical), G (Semihumid), A2 (Very Hot Summer)"
"Chongqing, China","C (Subtropical), G (Semihumid), A2 (Very Hot Summer)"
"Wuhan, China","C (Subtropical), G (Semihumid), A2 (Very Hot Summer)"
"Charlotte, NC–SC","C (Subtropical), G (Semihumid), A2 (Very Hot Summer)"
"Raleigh, NC","C (Subtropical), G (Semihumid), A2 (Very Hot Summer)"
"Oklahoma City, OK","C (Subtropical), G (Semihumid), A2 (Very Hot Summer)"
"Montgomery, AL","C (Subtropical), G (Semihumid), A2 (Very Hot Summer)"
"Little Rock, AR","C (Subtropical), G (Semihumid), A2 (Very Hot Summer)"
"Jackson, MS","C (Subtropical), G (Semihumid), A2 (Very Hot Summer)"
"Columbia, SC","C (Subtropical), G (Semihumid), A2 (Very Hot Summer)"
"Chengdu, China","C (Subtropical), W (Monsoon), A2 (Very Hot Summer)"
"Zhengzhou, China","C (Subtropical), W (Monsoon), A2 (Very Hot Summer)"
"Athens, Greece","C (Subtropical), M (Mediterranean), A2 (Very Hot Summer)"
"Podgorica, Montenegro","C (Subtropical), M (Mediterranean), A2 (Very Hot Summer)"
"Dushanbe, Tajikistan","C (Subtropical), M (Mediterranean), A2 (Very Hot Summer)"
"Tashkent, Uzbekistan","C (Subtropical), M (Mediterranean), A2 (Very Hot Summer)"
"Borujerd, Iran","C (Subtropical), M (Mediterranean), A2 (Very Hot Summer)"
"Xi’an, China","C (Subtropical), S (Semiarid), A2 (Very Hot Summer)"
"Dallas–Fort Worth–Arlington, TX","C (Subtropical), S (Semiarid), A2 (Very Hot Summer)"
"Austin, TX","C (Subtropical), S (Semiarid), A2 (Very Hot Summer)"
"Tehran, Iran","C (Subtropical), D (Arid Desert), A2 (Very Hot Summer)"
"Baku, Azerbaijan","C (Subtropical), D (Arid Desert), A2 (Very Hot Summer)"
"Damascus, Syria","C (Subtropical), D (Arid Desert), A2 (Very Hot Summer)"
"Ashgabat, Turkmenistan","C (Subtropical), D (Arid Desert), A2 (Very Hot Summer)"
"Washington–Arlington, DC–VA–MD","C (Subtropical), H (Humid), A1 (Hot Summer)"
"Dover, DE","C (Subtropical), H (Humid), A1 (Hot Summer)"
"Ljubljana, Slovenia","C (Subtropical), H (Humid), A1 (Hot Summer)"
"Virginia Beach–Norfolk, VA","C (Subtropical), G (Semihumid), A1 (Hot Summer)"
"Canberra, Australia","C (Subtropical), G (Semihumid), A1 (Hot Summer)"
"San Marino, San Marino","C (Subtropical), G (Semihumid), A1 (Hot Summer)"
"Belgrade, Serbia","C (Subtropical), G (Semihumid), A1 (Hot Summer)"
"Longnan, China","C (Subtropical), W (Monsoon), A1 (Hot Summer)"
"Istanbul, Turkey","C (Subtropical), M (Mediterranean), A1 (Hot Summer)"
"Sacramento, CA","C (Subtropical), M (Mediterranean), A1 (Hot Summer)"
"San Jose, CA","C (Subtropical), M (Mediterranean), A1 (Hot Summer)"
"Tirana, Albania","C (Subtropical), M (Mediterranean), A1 (Hot Summer)"
"Santiago, Chile","C (Subtropical), M (Mediterranean), A1 (Hot Summer)"
"Jerusalem, Israel","C (Subtropical), M (Mediterranean), A1 (Hot Summer)"
"Rome, Italy","C (Subtropical), M (Mediterranean), A1 (Hot Summer)"
"Madrid, Spain","C (Subtropical), M (Mediterranean), A1 (Hot Summer)"
"Vatican City, Vatican City","C (Subtropical), M (Mediterranean), A1 (Hot Summer)"
"Tbilisi, Georgia","C (Subtropical), S (Semiarid), A1 (Hot Summer)"
"Maseru, Lesotho","C (Subtropical), S (Semiarid), A1 (Hot Summer)"
"Skopje, North Macedonia","C (Subtropical), S (Semiarid), A1 (Hot Summer)"
"Bloemfontein, South Africa","C (Subtropical), S (Semiarid), A1 (Hot Summer)"
"Sedona, AZ","C (Subtropical), S (Semiarid), A1 (Hot Summer)"
"Carson City, NV","C (Subtropical), D (Arid Desert), A1 (Hot Summer)"
"Amman, Jordan","C (Subtropical), D (Arid Desert), A1 (Hot Summer)"
"Dublin, Ireland","C (Subtropical), H (Humid), B2 (Mild Summer)"
"Luxembourg, Luxembourg","C (Subtropical), H (Humid), B2 (Mild Summer)"
"Amsterdam, Netherlands","C (Subtropical), H (Humid), B2 (Mild Summer)"
"Wellington, New Zealand","C (Subtropical), H (Humid), B2 (Mild Summer)"
"Paris, France","C (Subtropical), G (Semihumid), B2 (Mild Summer)"
"London, United Kingdom","C (Subtropical), G (Semihumid), B2 (Mild Summer)"
"Brussels, Belgium","C (Subtropical), G (Semihumid), B2 (Mild Summer)"
"Copenhagen, Denmark","C (Subtropical), G (Semihumid), B2 (Mild Summer)"
"Thimphu, Bhutan","C (Subtropical), W (Monsoon), B2 (Mild Summer)"
"Seattle–Tacoma, WA","C (Subtropical), M (Mediterranean), B2 (Mild Summer)"
"Portland, OR–WA","C (Subtropical), M (Mediterranean), B2 (Mild Summer)"
"Salem, OR","C (Subtropical), M (Mediterranean), B2 (Mild Summer)"
"Olympia, WA","C (Subtropical), M (Mediterranean), B2 (Mild Summer)"
"Vancouver, BC","C (Subtropical), M (Mediterranean), B2 (Mild Summer)"
"Surrey, BC","C (Subtropical), M (Mediterranean), B2 (Mild Summer)"
"Burnaby, BC","C (Subtropical), M (Mediterranean), B2 (Mild Summer)"
"Richmond, BC","C (Subtropical), M (Mediterranean), B2 (Mild Summer)"
"Abbotsford, BC","C (Subtropical), M (Mediterranean), B2 (Mild Summer)"
"Comodoro Rivadavia, Argentina","C (Subtropical), D (Arid Desert), B2 (Mild Summer)"
"Carbondale, IL","D (Temperate), H (Humid), A2 (Very Hot Summer)"
"St. Louis, MO–IL","D (Temperate), G (Semihumid), A2 (Very Hot Summer)"
"Kansas City, MO–KS","D (Temperate), G (Semihumid), A2 (Very Hot Summer)"
"Topeka, KS","D (Temperate), G (Semihumid), A2 (Very Hot Summer)"
"Jefferson City, MO","D (Temperate), G (Semihumid), A2 (Very Hot Summer)"
"Lincoln, NE","D (Temperate), G (Semihumid), A2 (Very Hot Summer)"
"Seoul–Incheon, South Korea","D (Temperate), W (Monsoon), A2 (Very Hot Summer)"
"Beijing, China","D (Temperate), W (Monsoon), A2 (Very Hot Summer)"
"Tianjin, China","D (Temperate), W (Monsoon), A2 (Very Hot Summer)"
"New York, United States","D (Temperate), H (Humid), A1 (Hot Summer)"
"Chicago, United States","D (Temperate), H (Humid), A1 (Hot Summer)"
"Philadelphia, PA–NJ–DE–MD","D (Temperate), H (Humid), A1 (Hot Summer)"
"Boston, MA–NH","D (Temperate), H (Humid), A1 (Hot Summer)"
"Pittsburgh, PA","D (Temperate), H (Humid), A1 (Hot Summer)"
"Cleveland, OH","D (Temperate), H (Humid), A1 (Hot Summer)"
"Indianapolis, IN","D (Temperate), H (Humid), A1 (Hot Summer)"
"Cincinnati, OH–KY","D (Temperate), H (Humid), A1 (Hot Summer)"
"Columbus, OH","D (Temperate), H (Humid), A1 (Hot Summer)"
"Milwaukee, WI","D (Temperate), H (Humid), A1 (Hot Summer)"
"Providence, RI–MA","D (Temperate), H (Humid), A1 (Hot Summer)"
"Hartford, CT","D (Temperate), H (Humid), A1 (Hot Summer)"
"Buffalo, NY","D (Temperate), H (Humid), A1 (Hot Summer)"
"Frankfort, KY","D (Temperate), H (Humid), A1 (Hot Summer)"
"Augusta, ME","D (Temperate), H (Humid), A1 (Hot Summer)"
"Lansing, MI","D (Temperate), H (Humid), A1 (Hot Summer)"
"Concord, NH","D (Temperate), H (Humid), A1 (Hot Summer)"
"Trenton, NJ","D (Temperate), H (Humid), A1 (Hot Summer)"
"Albany, NY","D (Temperate), H (Humid), A1 (Hot Summer)"
"Harrisburg, PA","D (Temperate), H (Humid), A1 (Hot Summer)"
"Charleston, WV","D (Temperate), H (Humid), A1 (Hot Summer)"
"Madison, WI","D (Temperate), H (Humid), A1 (Hot Summer)"
"Zagreb, Croatia","D (Temperate), H (Humid), A1 (Hot Summer)"
"Mississauga, ON","D (Temperate), H (Humid), A1 (Hot Summer)"
"Brampton, ON","D (Temperate), H (Humid), A1 (Hot Summer)"
"Hamilton, ON","D (Temperate), H (Humid), A1 (Hot Summer)"
"Montreal, QC","D (Temperate), H (Humid), A1 (Hot Summer)"
"Laval, QC","D (Temperate), H (Humid), A1 (Hot Summer)"
"Longueuil, QC","D (Temperate), H (Humid), A1 (Hot Summer)"
"Champaign, IL","D (Temperate), H (Humid), A1 (Hot Summer)"
"Detroit, MI","D (Temperate), G (Semihumid), A1 (Hot Summer)"
"Springfield, IL","D (Temperate), G (Semihumid), A1 (Hot Summer)"
"Des Moines, IA","D (Temperate), G (Semihumid), A1 (Hot Summer)"
"Sofia, Bulgaria","D (Temperate), G (Semihumid), A1 (Hot Summer)"
"Budapest, Hungary","D (Temperate), G (Semihumid), A1 (Hot Summer)"
"Bucharest, Romania","D (Temperate), G (Semihumid), A1 (Hot Summer)"
"Toronto, ON","D (Temperate), G (Semihumid), A1 (Hot Summer)"
"Pyongyang, North Korea","D (Temperate), W (Monsoon), A1 (Hot Summer)"
"Boise, ID","D (Temperate), M (Mediterranean), A1 (Hot Summer)"
"Kabul, Afghanistan","D (Temperate), M (Mediterranean), A1 (Hot Summer)"
"Denver–Aurora, CO","D (Temperate), S (Semiarid), A1 (Hot Summer)"
"Salt Lake City, UT","D (Temperate), S (Semiarid), A1 (Hot Summer)"
"Santa Fe, NM","D (Temperate), S (Semiarid), A1 (Hot Summer)"
"Pierre, SD","D (Temperate), S (Semiarid), A1 (Hot Summer)"
"Cheyenne, WY","D (Temperate), S (Semiarid), A1 (Hot Summer)"
"Bishkek, Kyrgyzstan","D (Temperate), S (Semiarid), A1 (Hot Summer)"
"Chișinău, Moldova","D (Temperate), S (Semiarid), A1 (Hot Summer)"
"Ankara, Turkey","D (Temperate), S (Semiarid), A1 (Hot Summer)"
"Yerevan, Armenia","D (Temperate), D (Arid Desert), A1 (Hot Summer)"
"Aksu City, China","D (Temperate), D (Arid Desert), A1 (Hot Summer)"
"Shoshoni, WY","D (Temperate), D (Arid Desert), A1 (Hot Summer)"
"Yakima, WA","D (Temperate), D (Arid Desert), A1 (Hot Summer)"
"Moscow, Russia","D (Temperate), H (Humid), B2 (Mild Summer)"
"Montpelier, VT","D (Temperate), H (Humid), B2 (Mild Summer)"
"Minsk, Belarus","D (Temperate), H (Humid), B2 (Mild Summer)"
"Sarajevo, Bosnia and Herzegovina","D (Temperate), H (Humid), B2 (Mild Summer)"
"Tallinn, Estonia","D (Temperate), H (Humid), B2 (Mild Summer)"
"Vaduz, Liechtenstein","D (Temperate), H (Humid), B2 (Mild Summer)"
"Vilnius, Lithuania","D (Temperate), H (Humid), B2 (Mild Summer)"
"Oslo, Norway","D (Temperate), H (Humid), B2 (Mild Summer)"
"Bern, Switzerland","D (Temperate), H (Humid), B2 (Mild Summer)"
"Quebec City, QC","D (Temperate), H (Humid), B2 (Mild Summer)"
"Halifax, NS","D (Temperate), H (Humid), B2 (Mild Summer)"
"Cape Breton Regional Municipality, NS","D (Temperate), H (Humid), B2 (Mild Summer)"
"Truro, NS","D (Temperate), H (Humid), B2 (Mild Summer)"
"New Glasgow, NS","D (Temperate), H (Humid), B2 (Mild Summer)"
"Amherst, NS","D (Temperate), H (Humid), B2 (Mild Summer)"
"Moncton, NB","D (Temperate), H (Humid), B2 (Mild Summer)"
"Saint John, NB","D (Temperate), H (Humid), B2 (Mild Summer)"
"Fredericton, NB","D (Temperate), H (Humid), B2 (Mild Summer)"
"Dieppe, NB","D (Temperate), H (Humid), B2 (Mild Summer)"
"St. John's, NL","D (Temperate), H (Humid), B2 (Mild Summer)"
"Mount Pearl, NL","D (Temperate), H (Humid), B2 (Mild Summer)"
"Corner Brook, NL","D (Temperate), H (Humid), B2 (Mild Summer)"
"Charlottetown, PE","D (Temperate), H (Humid), B2 (Mild Summer)"
"Vienna, Austria","D (Temperate), G (Semihumid), B2 (Mild Summer)"
"Berlin, Germany","D (Temperate), G (Semihumid), B2 (Mild Summer)"
"Pristina, Kosovo","D (Temperate), G (Semihumid), B2 (Mild Summer)"
"Riga, Latvia","D (Temperate), G (Semihumid), B2 (Mild Summer)"
"Warsaw, Poland","D (Temperate), G (Semihumid), B2 (Mild Summer)"
"Bratislava, Slovakia","D (Temperate), G (Semihumid), B2 (Mild Summer)"
"Stockholm, Sweden","D (Temperate), G (Semihumid), B2 (Mild Summer)"
"Kyiv, Ukraine","D (Temperate), G (Semihumid), B2 (Mild Summer)"
"Helena, MT","D (Temperate), S (Semiarid), B2 (Mild Summer)"
"Prague, Czech Republic","D (Temperate), S (Semiarid), B2 (Mild Summer)"
"Lethbridge, AB","D (Temperate), S (Semiarid), B2 (Mild Summer)"
"Rexburg, ID","D (Temperate), S (Semiarid), B2 (Mild Summer)"
"Meeteetse, WY","D (Temperate), S (Semiarid), B2 (Mild Summer)"
"Shenyang, China","E (Continental), W (Monsoon), A2 (Very Hot Summer)"
"Ottawa, Canada","E (Continental), H (Humid), A1 (Hot Summer)"
"Ottawa, ON","E (Continental), H (Humid), A1 (Hot Summer)"
"Gatineau, QC","E (Continental), H (Humid), A1 (Hot Summer)"
"Minneapolis–St. Paul, MN","E (Continental), G (Semihumid), A1 (Hot Summer)"
"Grand Forks, ND","E (Continental), G (Semihumid), A1 (Hot Summer)"
"Bismarck, ND","E (Continental), S (Semiarid), A1 (Hot Summer)"
"Astana, Kazakhstan","E (Continental), S (Semiarid), A1 (Hot Summer)"
"Zhetikara, Kazakhstan","E (Continental), S (Semiarid), A1 (Hot Summer)"
"Ushmola, Kazakhstan","E (Continental), D (Arid Desert), A1 (Hot Summer)"
"Miramichi, NB","E (Continental), H (Humid), B2 (Mild Summer)"
"Duluth, MN","E (Continental), H (Humid), B2 (Mild Summer)"
"Lutsen, MN","E (Continental), H (Humid), B2 (Mild Summer)"
"Thunder Bay, ON","E (Continental), H (Humid), B2 (Mild Summer)"
"Calgary, AB","E (Continental), G (Semihumid), B2 (Mild Summer)"
"Edmonton, AB","E (Continental), G (Semihumid), B2 (Mild Summer)"
"Red Deer, AB","E (Continental), G (Semihumid), B2 (Mild Summer)"
"St. Albert, AB","E (Continental), G (Semihumid), B2 (Mild Summer)"
"Winnipeg, MB","E (Continental), G (Semihumid), B2 (Mild Summer)"
"Brandon, MB","E (Continental), G (Semihumid), B2 (Mild Summer)"
"Steinbach, MB","E (Continental), G (Semihumid), B2 (Mild Summer)"
"Portage la Prairie, MB","E (Continental), G (Semihumid), B2 (Mild Summer)"
"Prince Albert, SK","E (Continental), G (Semihumid), B2 (Mild Summer)"
"Novosibirsk, Russia","E (Continental), G (Semihumid), B2 (Mild Summer)"
"Krasnoyarsk, Russia","E (Continental), G (Semihumid), B2 (Mild Summer)"
"Omsk, Russia","E (Continental), G (Semihumid), B2 (Mild Summer)"
"Bulgan, Mongolia","E (Continental), W (Monsoon), B2 (Mild Summer)"
"Sharistan, Afghanistan","E (Continental), M (Mediterranean), B2 (Mild Summer)"
"Saskatoon, SK","E (Continental), S (Semiarid), B2 (Mild Summer)"
"Regina, SK","E (Continental), S (Semiarid), B2 (Mild Summer)"
"Moose Jaw, SK","E (Continental), S (Semiarid), B2 (Mild Summer)"
"Swift Current, SK","E (Continental), S (Semiarid), B2 (Mild Summer)"
"Mandalgovi, Mongolia","E (Continental), D (Arid Desert), B2 (Mild Summer)"
"Hulunbuir, China","F (Subarctic), A1 (Hot Summer)"
"Thompson, MB","F (Subarctic), B2 (Mild Summer)"
"Yellowknife, NT","F (Subarctic), B2 (Mild Summer)"
"Hay River, NT","F (Subarctic), B2 (Mild Summer)"
"Fort Smith, NT","F (Subarctic), B2 (Mild Summer)"
"Behchoko, NT","F (Subarctic), B2 (Mild Summer)"
"Fort Simpson, NT","F (Subarctic), B2 (Mild Summer)"
"Fort Providence, NT","F (Subarctic), B2 (Mild Summer)"
"Norman Wells, NT","F (Subarctic), B2 (Mild Summer)"
"Fairbanks, AK","F (Subarctic), B2 (Mild Summer)"
"Badger, AK","F (Subarctic), B2 (Mild Summer)"
"College, AK","F (Subarctic), B2 (Mild Summer)"
"Steele Creek, AK","F (Subarctic), B2 (Mild Summer)"
"Chena Ridge, AK","F (Subarctic), B2 (Mild Summer)"
"Ulaanbaatar, Mongolia","F (Subarctic), B2 (Mild Summer)"
"Fort Good Hope, NT","G (Arctic), B2 (Mild Summer)"